名称,品牌,商圈,own_S,D,P,P_adj,D×P,P_blind,低证据点
奈雪的茶(宁波天一广场),奈雪,宁波天一广场,1.8,13.2,0.4508,0.5331,5.951,0.3132,
蜜雪冰城(天一广场店),蜜雪冰城,宁波天一广场,2.5,13.4,0.5981,0.6831,8.014,0.3731,
MoreYogurt茉酸奶(宁波天一广场店),茉酸奶,宁波天一广场,1.6,14.0,0.4377,0.5309,6.128,0.3273,
麦记牛奶(宁波天一广场店),麦记牛奶,宁波天一广场,1.4,12.4,0.4123,0.4836,5.113,0.3339,
喜茶(宁波天一悦沢店),喜茶,宁波天一广场,2.0,11.4,0.5596,0.6172,6.38,0.3885,
茉莉奶白(宁波天一广场店),茉莉奶白,宁波天一广场,1.5,19.6,0.4174,0.5874,8.18,0.3232,
LINLEE·手打柠檬茶(海曙天一广场2店),LINLEE,宁波天一广场,1.5,20.4,0.3648,0.5458,7.443,0.2769,
LINLEE·手打柠檬茶(海曙天一广场店),LINLEE,宁波天一广场,1.5,14.6,0.57,0.6715,8.322,0.4692,
茶百道(宁波海曙东鼓道店),茶百道,宁波天一广场,1.8,11.2,0.3923,0.4471,4.393,0.2639,
LELECHA乐乐茶(天一店),乐乐茶,宁波天一广场,1.6,16.2,0.6866,0.81,11.122,0.5779,
蜜雪冰城(东鼓道店),蜜雪冰城,宁波天一广场,2.5,11.2,0.6754,0.7303,7.565,0.4543,
茶百道(海曙开明街店),茶百道,宁波天一广场,1.8,21.2,0.4579,0.6499,9.707,0.3194,
沪上阿姨·精选茶饮(宁波海曙天一大梁街店),沪上阿姨,宁波天一广场,1.8,20.4,0.3542,0.5352,7.226,0.2335,
蜜雪冰城(亚细亚24小时营业店),蜜雪冰城,宁波天一广场,2.5,12.2,0.7593,0.8278,9.263,0.5578,
春莱chunlai泰式奶茶(D-G Line 东鼓道店),春莱,宁波天一广场,1.4,10.8,0.4881,0.5375,5.271,0.4051,
茶百道(宁波天一广场店),茶百道,宁波天一广场,1.8,9.4,0.8932,0.9233,8.396,0.8228,
柠季·手打柠檬茶(宁波东鼓道店),柠季,宁波天一广场,1.0,10.6,0.3505,0.3971,3.716,0.3505,
贡茶gongcha888(新街店),贡茶,宁波天一广场,1.4,19.4,0.6703,0.8376,13.005,0.5922,
CoCo都可(大来店),CoCo,宁波天一广场,1.8,10.8,0.7148,0.7642,7.72,0.582,
CoCo都可(莱迪数码时尚广场店),CoCo,宁波天一广场,1.8,14.2,0.6478,0.7437,9.198,0.5054,
LINLEE·手打柠檬茶(海曙东门银泰店),LINLEE,宁波天一广场,1.5,7.8,0.9318,0.94,7.268,0.9011,
南霆茶序(城隍庙店),个体/杂牌,宁波天一广场,1.0,10.8,0.3856,0.435,4.165,0.3856,
宝圆圆·现炒珍珠奶茶(宁波城隍庙店),宝圆圆,宁波天一广场,1.3,11.6,0.6855,0.7458,7.951,0.6264,
茶百道(城隍庙店),茶百道,宁波天一广场,1.8,10.4,0.7664,0.8103,7.971,0.6457,
城隍庙店(蜜雪冰城),蜜雪冰城,宁波天一广场,2.5,9.6,0.8131,0.846,7.806,0.635,
Blue Gaga饮品店(开明坊步行街店),个体/杂牌,宁波天一广场,1.0,7.0,0.9165,0.9137,6.415,0.9165,
喜茶(宁波1844广场店),喜茶,宁波天一广场,2.0,6.0,0.9413,0.9249,5.648,0.8891,
YES Lemon就是柠·手打柠檬茶(in77店),就是柠,杭州湖滨in77,1.3,6.0,0.6043,0.5878,3.626,0.5402,
"蜜雪冰城(仁和路店,位置处于延安路215号)",蜜雪冰城,杭州湖滨in77,2.5,6.8,0.8076,0.8021,5.492,0.6267,
霸王茶姬(浙江杭州东坡路店),霸王茶姬,杭州湖滨in77,2.0,4.8,0.7052,0.6723,3.385,0.5447,
VQ鲜榨果汁(杭州湖滨in77店),VQ鲜榨果汁,杭州湖滨in77,1.3,8.4,0.4339,0.4503,3.645,0.3709,
蜜雪冰城(西湖景区湖滨88店),蜜雪冰城,杭州湖滨in77,2.5,5.4,0.6741,0.6494,3.64,0.4527,
蜜雪冰城(平海路67号),蜜雪冰城,杭州湖滨in77,2.5,9.4,0.4525,0.4827,4.253,0.2484,
李若桃·手作酸奶铺(杭州湖滨in77店),李若桃,杭州湖滨in77,1.4,7.2,0.4417,0.4417,3.18,0.3611,
CHAGEE霸王茶姬(杭州湖滨in77C3区店),霸王茶姬,杭州湖滨in77,2.0,5.2,0.87,0.8426,4.524,0.7699,
茉莉奶白(杭州湖滨in77B区店),茉莉奶白,杭州湖滨in77,1.5,8.2,0.4427,0.4564,3.63,0.3462,
喜茶(杭州湖滨in77E区店),喜茶,杭州湖滨in77,2.0,3.4,0.793,0.7409,2.696,0.657,
LELECHA乐乐茶(杭州湖滨in77店),乐乐茶,杭州湖滨in77,1.6,3.4,0.8359,0.7838,2.842,0.7609,
CoCo都可(工联大厦店),CoCo,杭州湖滨in77,1.8,7.0,0.5237,0.521,3.666,0.3792,
茉莉奶白(杭州湖滨88店),茉莉奶白,杭州湖滨in77,1.5,4.0,0.6042,0.5603,2.417,0.5044,
麒麟大口茶(杭州首店),麒麟大口茶,杭州湖滨in77,1.3,3.4,0.8064,0.7543,2.742,0.7621,
裕莲茶楼(杭州湖滨in77C3区店),裕莲茶楼,杭州湖滨in77,1.5,3.4,0.8382,0.7861,2.85,0.7755,
爷爷不泡茶NOYEYENOTEA(杭州湖滨in77店),爷爷不泡茶,杭州湖滨in77,2.0,8.6,0.3575,0.3767,3.075,0.2177,
喜茶(杭州湖滨in77B区店),喜茶,杭州湖滨in77,2.0,8.4,0.493,0.5094,4.141,0.3271,
闲吉·好茶自然香(杭州湖滨in77B区店),闲吉,杭州湖滨in77,1.1,8.6,0.3184,0.3376,2.738,0.2981,
裕莲茶楼(杭州湖滨in77B区店),裕莲茶楼,杭州湖滨in77,1.5,8.0,0.6027,0.6137,4.822,0.5029,
沪上阿姨·精选茶饮(杭州工联CC店),沪上阿姨,杭州湖滨in77,1.8,8.0,0.6026,0.6136,4.821,0.4573,
LINLEE·手打柠檬茶(湖滨工联CC店),LINLEE,杭州湖滨in77,1.5,8.2,0.5627,0.5764,4.614,0.4617,
CHAGEE霸王茶姬(上城工联CC店),霸王茶姬,杭州湖滨in77,2.0,8.0,0.6276,0.6386,5.021,0.4573,
本就茶饮,个体/杂牌,杭州湖滨in77,1.0,3.2,0.7635,0.7087,2.443,0.7635,
周四晚不止碰到茶(湖滨店),周四晚,杭州湖滨in77,1.6,9.8,0.5797,0.6154,5.681,0.463,
CoCo都可(工联CC店),CoCo,杭州湖滨in77,1.8,8.0,0.6023,0.6132,4.818,0.4569,
鲜榨果汁,个体/杂牌,杭州湖滨in77,1.0,8.8,0.5589,0.5809,4.919,0.5589,
蜜雪冰城(学士路店),蜜雪冰城,杭州湖滨in77,2.5,9.8,0.793,0.8287,7.771,0.6051,
蜜雪冰城(西湖好吃街店),蜜雪冰城,杭州湖滨in77,2.5,10.6,0.5154,0.562,5.463,0.2984,
蜜雪冰城(杭州西湖风景名胜区-湖滨公园店),蜜雪冰城,杭州湖滨in77,2.5,0.4,0.9909,0.8976,0.396,0.9775,Y
喝喝茶,个体/杂牌,杭州湖滨in77,1.0,6.6,0.9133,0.9051,6.028,0.9133,
柠好鸭·手打柠檬茶(湖滨店),柠好鸭,杭州湖滨in77,1.2,8.6,0.7966,0.8158,6.851,0.7655,
蜜雪冰城(涌金广场店),蜜雪冰城,杭州湖滨in77,2.5,3.2,0.9878,0.933,3.161,0.9701,
熹子茶馆(杭州湖滨店),个体/杂牌,杭州湖滨in77,1.0,1.8,0.9406,0.8666,1.693,0.9406,Y
蜜雪冰城(中山中路362号店),蜜雪冰城,杭州湖滨in77,2.5,5.6,1.0,0.9781,5.6,1.0,
沪上阿姨·精选茶饮(杭州中山中路店),沪上阿姨,杭州湖滨in77,1.8,5.6,1.0,0.9781,5.6,1.0,
悦小颜鲜竹奶茶店,个体/杂牌,杭州湖滨in77,1.0,0.2,0.9587,0.8627,0.192,0.9587,Y
手打柠檬茶,个体/杂牌,杭州湖滨in77,1.0,1.8,0.9346,0.8606,1.682,0.9346,Y
angtea艾熟茶(杭州嘉里中心店),angtea艾熟茶,杭州湖滨in77,1.2,5.8,0.8428,0.8236,4.888,0.8171,
柠檬向右(杭州湖滨88店)(暂停营业),个体/杂牌,杭州湖滨in77,1.0,6.6,0.3601,0.3518,2.376,0.3601,
CoCo都可(海宁银泰店),CoCo,海宁银泰商圈,1.8,2.0,0.8485,0.7772,1.697,0.7568,Y
李若桃·手作酸奶铺(嘉兴海宁银泰城店),李若桃,海宁银泰商圈,1.4,2.0,0.8091,0.7378,1.618,0.7517,Y
蜜雪冰城(银泰城负一楼店),蜜雪冰城,海宁银泰商圈,2.5,2.0,0.7881,0.7168,1.576,0.598,
茉莉奶白(嘉兴海宁银泰城店),茉莉奶白,海宁银泰商圈,1.5,2.0,0.8522,0.7809,1.704,0.7935,Y
麦记牛奶(海宁银泰店),麦记牛奶,海宁银泰商圈,1.4,4.4,0.6043,0.5659,2.659,0.5217,
Tamkoko泰柯茶园(海宁银泰店),Tamkoko泰柯茶园,海宁银泰商圈,1.2,4.4,0.3547,0.3163,1.561,0.3141,
沪上阿姨·精选茶饮(嘉兴海宁海昌路银泰店),沪上阿姨,海宁银泰商圈,1.8,4.4,0.4513,0.4129,1.986,0.3136,
茶百道(海宁银泰百货店),茶百道,海宁银泰商圈,1.8,2.8,0.8926,0.8323,2.499,0.822,Y
OT另茶(海宁银泰城店),OT另茶,海宁银泰商圈,1.4,4.4,0.3881,0.3497,1.708,0.3118,
煲珠公·老红糖珍珠奶茶(海宁银泰百货店),煲珠公,海宁银泰商圈,1.4,4.4,0.4816,0.4432,2.119,0.3988,
茶理宜世(海宁银泰店),茶理宜世,海宁银泰商圈,1.5,4.4,0.5621,0.5237,2.473,0.4611,
CHAGEE霸王茶姬(海宁银泰店),霸王茶姬,海宁银泰商圈,2.0,5.2,0.5795,0.5521,3.013,0.4079,
喜茶(海宁银泰城店),喜茶,海宁银泰商圈,2.0,5.2,0.6176,0.5902,3.212,0.4468,
蜜雪冰城(银泰店),蜜雪冰城,海宁银泰商圈,2.5,3.6,0.5179,0.4685,1.864,0.3005,
渝品燕鲜炖热饮,个体/杂牌,海宁银泰商圈,1.0,1.6,1.0,0.9232,1.6,1.0,Y
茶百道(华润店),茶百道,海宁银泰商圈,1.8,0.0,1.0,0.9013,0.0,1.0,Y
LELECHA乐乐茶(嘉兴海宁映运汇店),乐乐茶,海宁银泰商圈,1.6,0.0,1.0,0.9013,0.0,1.0,Y
