名称,品牌,商圈,P,竞争压力,own_S,竞品数,P_anchor
奈雪的茶(宁波天一广场),奈雪,宁波天一广场,0.2731,41,1.8,28,0.2506
蜜雪冰城(天一广场店),蜜雪冰城,宁波天一广场,0.3214,48,2.5,29,0.2647
MoreYogurt茉酸奶(宁波天一广场店),茉酸奶,宁波天一广场,0.2614,39,1.6,27,0.255
麦记牛奶(宁波天一广场店),麦记牛奶,宁波天一广场,0.2665,40,1.4,26,0.2896
喜茶(宁波天一悦沢店),喜茶,宁波天一广场,0.34,51,2.0,26,0.3469
茉莉奶白(宁波天一广场店),茉莉奶白,宁波天一广场,0.2621,39,1.5,27,0.2685
LINLEE·手打柠檬茶(海曙天一广场2店),LINLEE,宁波天一广场,0.2436,37,1.5,27,0.2405
LINLEE·手打柠檬茶(海曙天一广场店),LINLEE,宁波天一广场,0.3163,47,1.5,25,0.3646
茶百道(宁波海曙东鼓道店),茶百道,宁波天一广场,0.3853,58,1.8,25,0.2583
LELECHA乐乐茶(天一店),乐乐茶,宁波天一广场,0.5171,78,1.6,29,0.4009
蜜雪冰城(东鼓道店),蜜雪冰城,宁波天一广场,0.5924,89,2.5,24,0.3676
茶百道(海曙开明街店),茶百道,宁波天一广场,0.2627,39,1.8,27,0.2352
沪上阿姨·精选茶饮(宁波海曙天一大梁街店),沪上阿姨,宁波天一广场,0.237,36,1.8,27,0.2002
蜜雪冰城(亚细亚24小时营业店),蜜雪冰城,宁波天一广场,0.6508,98,2.5,29,0.4271
春莱chunlai泰式奶茶(D-G Line 东鼓道店),春莱,宁波天一广场,0.3105,47,1.4,24,0.3691
茶百道(宁波天一广场店),茶百道,宁波天一广场,0.4227,63,1.8,15,0.6029
柠季·手打柠檬茶(宁波东鼓道店),柠季,宁波天一广场,0.2508,38,1.0,24,0.3348
贡茶gongcha888(新街店),贡茶,宁波天一广场,0.4286,64,1.0,25,0.4286
CoCo都可(大来店),CoCo,宁波天一广场,0.3769,57,1.8,22,0.4596
CoCo都可(莱迪数码时尚广场店),CoCo,宁波天一广场,0.5875,88,1.8,20,0.4418
LINLEE·手打柠檬茶(海曙东门银泰店),LINLEE,宁波天一广场,0.8102,100,1.5,12,0.74
南霆茶序(城隍庙店),个体/杂牌,宁波天一广场,0.3156,47,1.0,20,0.3156
宝圆圆·现炒珍珠奶茶(宁波城隍庙店),宝圆圆,宁波天一广场,0.3787,57,1.3,19,0.5457
茶百道(城隍庙店),茶百道,宁波天一广场,0.3837,58,1.8,16,0.4781
城隍庙店(蜜雪冰城),蜜雪冰城,宁波天一广场,0.6352,95,2.5,13,0.4106
Blue Gaga饮品店(开明坊步行街店),个体/杂牌,宁波天一广场,0.8596,100,1.0,5,0.8596
喜茶(宁波1844广场店),喜茶,宁波天一广场,0.8762,100,2.0,5,0.7796
YES Lemon就是柠·手打柠檬茶(in77店),就是柠,杭州湖滨in77,0.4869,73,1.3,19,0.4219
"蜜雪冰城(仁和路店,位置处于延安路215号)",蜜雪冰城,杭州湖滨in77,0.4208,63,2.5,19,0.5153
霸王茶姬(浙江杭州东坡路店),霸王茶姬,杭州湖滨in77,0.6077,91,2.0,19,0.4365
VQ鲜榨果汁(杭州湖滨in77店),VQ鲜榨果汁,杭州湖滨in77,0.3561,53,1.3,19,0.2985
蜜雪冰城(西湖景区湖滨88店),蜜雪冰城,杭州湖滨in77,0.3697,55,2.5,20,0.362
蜜雪冰城(平海路67号),蜜雪冰城,杭州湖滨in77,0.3032,45,2.5,20,0.2355
李若桃·手作酸奶铺(杭州湖滨in77店),李若桃,杭州湖滨in77,0.2521,38,1.4,20,0.194
CHAGEE霸王茶姬(杭州湖滨in77C3区店),霸王茶姬,杭州湖滨in77,0.7516,100,2.0,17,0.602
茉莉奶白(杭州湖滨in77B区店),茉莉奶白,杭州湖滨in77,0.2301,35,1.5,20,0.2212
喜茶(杭州湖滨in77E区店),喜茶,杭州湖滨in77,0.6928,100,2.0,15,0.5299
LELECHA乐乐茶(杭州湖滨in77店),乐乐茶,杭州湖滨in77,0.7212,100,1.6,16,0.6179
CoCo都可(工联大厦店),CoCo,杭州湖滨in77,0.2788,42,1.8,20,0.1768
茉莉奶白(杭州湖滨88店),茉莉奶白,杭州湖滨in77,0.3312,50,1.5,20,0.3953
麒麟大口茶(杭州首店),麒麟大口茶,杭州湖滨in77,0.6882,100,1.3,15,0.6293
裕莲茶楼(杭州湖滨in77C3区店),裕莲茶楼,杭州湖滨in77,0.7226,100,1.5,15,0.6346
爷爷不泡茶NOYEYENOTEA(杭州湖滨in77店),爷爷不泡茶,杭州湖滨in77,0.2905,44,2.0,20,0.17
喜茶(杭州湖滨in77B区店),喜茶,杭州湖滨in77,0.2668,40,2.0,20,0.2224
闲吉·好茶自然香(杭州湖滨in77B区店),闲吉,杭州湖滨in77,0.2002,30,1.1,20,0.1854
裕莲茶楼(杭州湖滨in77B区店),裕莲茶楼,杭州湖滨in77,0.2238,34,1.5,20,0.2127
沪上阿姨·精选茶饮(杭州工联CC店),沪上阿姨,杭州湖滨in77,0.4318,65,1.8,19,0.2968
LINLEE·手打柠檬茶(湖滨工联CC店),LINLEE,杭州湖滨in77,0.4047,61,1.5,20,0.3118
CHAGEE霸王茶姬(上城工联CC店),霸王茶姬,杭州湖滨in77,0.4632,69,2.0,20,0.3014
本就茶饮,个体/杂牌,杭州湖滨in77,0.686,100,1.0,12,0.686
周四晚不止碰到茶(湖滨店),周四晚,杭州湖滨in77,0.2734,41,1.6,20,0.2738
CoCo都可(工联CC店),CoCo,杭州湖滨in77,0.4997,75,1.8,19,0.3569
鲜榨果汁,个体/杂牌,杭州湖滨in77,0.4347,65,1.0,19,0.4347
蜜雪冰城(学士路店),蜜雪冰城,杭州湖滨in77,0.4163,62,2.5,20,0.4986
蜜雪冰城(西湖好吃街店),蜜雪冰城,杭州湖滨in77,0.4881,73,2.5,20,0.2761
蜜雪冰城(杭州西湖风景名胜区-湖滨公园店),蜜雪冰城,杭州湖滨in77,0.9777,100,2.5,3,0.9461
喝喝茶,个体/杂牌,杭州湖滨in77,0.8315,100,1.0,9,0.8315
柠好鸭·手打柠檬茶(湖滨店),柠好鸭,杭州湖滨in77,0.669,100,1.2,20,0.6274
蜜雪冰城(涌金广场店),蜜雪冰城,杭州湖滨in77,0.9569,100,2.5,6,0.8987
熹子茶馆(杭州湖滨店),个体/杂牌,杭州湖滨in77,0.6963,100,1.0,19,0.6963
蜜雪冰城(中山中路362号店),蜜雪冰城,杭州湖滨in77,1.0,75,2.5,0,1.0
沪上阿姨·精选茶饮(杭州中山中路店),沪上阿姨,杭州湖滨in77,0.9952,100,1.8,1,0.9914
悦小颜鲜竹奶茶店,个体/杂牌,杭州湖滨in77,0.9454,100,1.0,1,0.9454
手打柠檬茶,个体/杂牌,杭州湖滨in77,0.9106,100,1.0,4,0.9106
angtea艾熟茶(杭州嘉里中心店),angtea艾熟茶,杭州湖滨in77,0.7123,100,1.2,10,0.6735
柠檬向右(杭州湖滨88店)(暂停营业),个体/杂牌,杭州湖滨in77,0.3146,47,1.0,20,0.3146
CoCo都可(海宁银泰店),CoCo,海宁银泰商圈,0.6193,93,1.8,6,0.4747
李若桃·手作酸奶铺(嘉兴海宁银泰城店),李若桃,海宁银泰商圈,0.5726,86,1.4,6,0.489
蜜雪冰城(银泰城负一楼店),蜜雪冰城,海宁银泰商圈,0.6631,99,2.5,6,0.4405
茉莉奶白(嘉兴海宁银泰城店),茉莉奶白,海宁银泰商圈,0.4995,75,1.5,6,0.3995
麦记牛奶(海宁银泰店),麦记牛奶,海宁银泰商圈,0.3236,49,1.4,6,0.3959
Tamkoko泰柯茶园(海宁银泰店),Tamkoko泰柯茶园,海宁银泰商圈,0.2911,44,1.2,6,0.255
沪上阿姨·精选茶饮(嘉兴海宁海昌路银泰店),沪上阿姨,海宁银泰商圈,0.441,66,1.8,6,0.3048
茶百道(海宁银泰百货店),茶百道,海宁银泰商圈,0.3613,54,1.8,6,0.4198
OT另茶(海宁银泰城店),OT另茶,海宁银泰商圈,0.3803,57,1.4,6,0.3069
煲珠公·老红糖珍珠奶茶(海宁银泰百货店),煲珠公,海宁银泰商圈,0.4069,61,1.4,6,0.3288
茶理宜世(海宁银泰店),茶理宜世,海宁银泰商圈,0.407,61,1.5,6,0.3139
CHAGEE霸王茶姬(海宁银泰店),霸王茶姬,海宁银泰商圈,0.5974,90,2.0,6,0.4259
喜茶(海宁银泰城店),喜茶,海宁银泰商圈,0.6168,93,2.0,6,0.446
蜜雪冰城(银泰店),蜜雪冰城,海宁银泰商圈,0.5027,75,2.5,6,0.2879
渝品燕鲜炖热饮,个体/杂牌,海宁银泰商圈,0.9626,100,1.0,3,0.9626
茶百道(华润店),茶百道,海宁银泰商圈,1.0,75,1.8,0,1.0
LELECHA乐乐茶(嘉兴海宁映运汇店),乐乐茶,海宁银泰商圈,1.0,75,1.6,0,1.0
