商圈,名称,经度,纬度,外卖月售,品牌,吸引力系数,地址
宁波天一广场,奈雪的茶(宁波天一广场),121.554918,29.869261,,奈雪,,碶闸街144号天一广场餐饮区1层IVb1003室
宁波天一广场,蜜雪冰城(天一广场店),121.554812,29.868991,,蜜雪冰城,,碶闸街118号天一广场餐饮区第一层IVC1012
宁波天一广场,MoreYogurt茉酸奶(宁波天一广场店),121.555221,29.869131,,茉酸奶,,江厦街道天一广场水晶街SE-09-cd(骑士牛排楼下)
宁波天一广场,麦记牛奶(宁波天一广场店),121.55558,29.869596,,个体/杂牌,,日新街38号一层水晶街悦沢书店1026号商铺
宁波天一广场,喜茶(宁波天一悦沢店),121.555887,29.86974,,喜茶,,水晶街29-37号日新街38-50号
宁波天一广场,茉莉奶白(宁波天一广场店),121.55206,29.870216,,茉莉奶白,,江厦街道开明街318号天一广场LB108
宁波天一广场,LINLEE·手打柠檬茶(海曙天一广场2店),121.551908,29.869822,,LINLEE,,江厦街道开明街298号天一广场1B区1层
宁波天一广场,LINLEE·手打柠檬茶(海曙天一广场店),121.552375,29.870825,,LINLEE,,华楼街天一广场SA-02(党群服务中心斜对面)
宁波天一广场,茶百道(宁波海曙东鼓道店),121.554173,29.871582,,茶百道,,东鼓道地下商业街B1-45-1A
宁波天一广场,LELECHA乐乐茶(天一店),121.552344,29.867962,,乐乐茶,,药行街152号酷购A馆一层A1-29号
宁波天一广场,蜜雪冰城(东鼓道店),121.553247,29.871692,,蜜雪冰城,,中山东路9号D-G Line东鼓道B1层B1-42-2A
宁波天一广场,茶百道(海曙开明街店),121.551424,29.869688,,茶百道,,开明街277号
宁波天一广场,沪上阿姨·精选茶饮(宁波海曙天一大梁街店),121.551269,29.869854,,沪上阿姨,,大梁街9号(1-19)
宁波天一广场,蜜雪冰城(亚细亚24小时营业店),121.55226,29.867434,,蜜雪冰城,,药行街169号亚细亚A座1-9-1
宁波天一广场,春莱chunlai泰式奶茶(D-G Line 东鼓道店),121.552766,29.871821,,个体/杂牌,,中山东路9号东鼓道B2(鼓楼地铁站J口步行220米)
宁波天一广场,茶百道(宁波天一广场店),121.557016,29.868224,,茶百道,,日新街89弄5号1-7-1
宁波天一广场,柠季·手打柠檬茶(宁波东鼓道店),121.552789,29.871879,,柠季,,东鼓道负一楼B1-Z-01商铺
宁波天一广场,贡茶gongcha888(新街店),121.550684,29.869007,,贡茶,,新街商城28号(城隍庙地铁站D口步行360米)
宁波天一广场,CoCo都可(大来店),121.552019,29.866701,,CoCo,,大来街49号(城隍庙地铁站D口步行180米)
宁波天一广场,CoCo都可(莱迪数码时尚广场店),121.55101,29.867274,,CoCo,,江夏街道药行街169号莱迪数码时尚广场1楼1Z49
宁波天一广场,LINLEE·手打柠檬茶(海曙东门银泰店),121.558675,29.869275,,LINLEE,,江厦街23号东门银泰百货二次元街区2FB-2012
宁波天一广场,南霆茶序(城隍庙店),121.551345,29.866484,,个体/杂牌,,开明街138号
宁波天一广场,宝圆圆·现炒珍珠奶茶(宁波城隍庙店),121.55036,29.867126,,个体/杂牌,,药行街195号开明坊1F南门入口
宁波天一广场,茶百道(城隍庙店),121.55065,29.866126,,茶百道,,开明街112号(1-50)
宁波天一广场,城隍庙店(蜜雪冰城),121.550682,29.865712,,蜜雪冰城,,大沙泥街228号
宁波天一广场,Blue Gaga饮品店(开明坊步行街店),121.552855,29.863588,,个体/杂牌,,江夏街道开明坊步行街亭子01号
宁波天一广场,喜茶(宁波1844广场店),121.553255,29.875406,,喜茶,,和义路96号一层D-01室
宁波天一广场,CoCo都可(世贸店)(装修中),121.557786,29.868168,,CoCo,,东渡路29号世贸中心大厦1层
杭州湖滨in77,YES Lemon就是柠·手打柠檬茶(in77店),120.16331,30.252845,,个体/杂牌,,仁和路6号(龙翔桥地铁站C口步行230米)
杭州湖滨in77,"蜜雪冰城(仁和路店,位置处于延安路215号)",120.164112,30.252484,,蜜雪冰城,,延安路215号1楼1F-2
杭州湖滨in77,霸王茶姬(浙江杭州东坡路店),120.163073,30.25294,,霸王茶姬,,东坡路10-3号104室
杭州湖滨in77,VQ鲜榨果汁(杭州湖滨in77店),120.164675,30.253375,,个体/杂牌,,延安路258号湖滨银泰in77 C2区302-1室
杭州湖滨in77,蜜雪冰城(西湖景区湖滨88店),120.162846,30.254084,,蜜雪冰城,,平海路124号地下一层商场B1-10A号商铺
杭州湖滨in77,蜜雪冰城(平海路67号),120.165153,30.253946,,蜜雪冰城,,湖滨街道平海路124号地下一层商场B1-10A号商铺
杭州湖滨in77,李若桃·手作酸奶铺(杭州湖滨in77店),120.163629,30.254508,,个体/杂牌,,延安路245号杭州湖滨in77B区B1层
杭州湖滨in77,CHAGEE霸王茶姬(杭州湖滨in77C3区店),120.164908,30.251307,,霸王茶姬,,湖滨银泰in77C3区B1-104室
杭州湖滨in77,茉莉奶白(杭州湖滨in77B区店),120.16351,30.254731,,茉莉奶白,,湖滨银泰in77-B区-B2(负二层)
杭州湖滨in77,喜茶(杭州湖滨in77E区店),120.163928,30.25088,,喜茶,,湖滨街道延安路185号130室喜茶
杭州湖滨in77,LELECHA乐乐茶(杭州湖滨in77店),120.164759,30.251068,,乐乐茶,,解放路238号湖滨银泰in77C3区-B1F
杭州湖滨in77,CoCo都可(工联大厦店),120.163751,30.254809,,CoCo,,延安路90号
杭州湖滨in77,茉莉奶白(杭州湖滨88店),120.16219,30.254289,,茉莉奶白,,平海路124号湖滨88购物中心层(F1-14)号铺茉莉奶白
杭州湖滨in77,麒麟大口茶(杭州首店),120.164802,30.251019,,个体/杂牌,,解放路238号111-1室in77C3区B1
杭州湖滨in77,裕莲茶楼(杭州湖滨in77C3区店),120.164764,30.250927,,个体/杂牌,,延安路258号杭州湖滨银泰in77C区C3区B1层
杭州湖滨in77,爷爷不泡茶NOYEYENOTEA(杭州湖滨in77店),120.163792,30.25501,,个体/杂牌,,延安路251-2号(龙翔桥地铁站出入口步行50米)
杭州湖滨in77,喜茶(杭州湖滨in77B区店),120.16373,30.255087,,喜茶,,湖滨街道延安路245号湖滨银泰in77B区负一层138室
杭州湖滨in77,闲吉·好茶自然香(杭州湖滨in77B区店),120.163869,30.255096,,个体/杂牌,,湖滨银泰in77B区负一楼(龙翔桥地铁站C口旁)
杭州湖滨in77,裕莲茶楼(杭州湖滨in77B区店),120.163452,30.255186,,个体/杂牌,,延安路255号
杭州湖滨in77,沪上阿姨·精选茶饮(杭州工联CC店),120.164614,30.255089,,沪上阿姨,,湖滨街道延安路292号地下二层商业B231
杭州湖滨in77,LINLEE·手打柠檬茶(湖滨工联CC店),120.164598,30.255239,,LINLEE,,延安路292号工联CC负二层B226号铺
杭州湖滨in77,CHAGEE霸王茶姬(上城工联CC店),120.164475,30.255275,,霸王茶姬,,工联CC北角B2(龙翔桥地铁站A口旁)
杭州湖滨in77,本就茶饮,120.165293,30.250675,,个体/杂牌,,吴山路与解放路交叉口东北20米
杭州湖滨in77,周四晚不止碰到茶(湖滨店),120.163177,30.255428,,个体/杂牌,,学士路57号(龙翔桥地铁站B口步行110米)
杭州湖滨in77,CoCo都可(工联CC店),120.16463,30.255643,,CoCo,,学士路33-1号
杭州湖滨in77,鲜榨果汁,120.161823,30.255562,,个体/杂牌,,劝业里小区西南门旁(龙翔桥地铁站B口步行250米)
杭州湖滨in77,蜜雪冰城(学士路店),120.164237,30.256396,,蜜雪冰城,,湖滨街道学士路35号(龙翔桥地铁站A口步行110米)
杭州湖滨in77,蜜雪冰城(西湖好吃街店),120.164225,30.256494,,蜜雪冰城,,延安路298号龙翔大厦F1层
杭州湖滨in77,蜜雪冰城(杭州西湖风景名胜区-湖滨公园店),120.160474,30.249563,,蜜雪冰城,,南山路185号(大华饭店北侧)
杭州湖滨in77,喝喝茶,120.168682,30.253892,,个体/杂牌,,平海路27号杭州工会大楼
杭州湖滨in77,柠好鸭·手打柠檬茶(湖滨店),120.165085,30.257644,,个体/杂牌,,菩提寺路10号(龙翔桥地铁站A口步行320米)
杭州湖滨in77,蜜雪冰城(涌金广场店),120.165532,30.247484,,蜜雪冰城,,湖滨街道开元路47号101室
杭州湖滨in77,熹子茶馆(杭州湖滨店),120.159825,30.257375,,个体/杂牌,,长生路58号西湖国贸中心F2层
杭州湖滨in77,蜜雪冰城(中山中路362号店),120.170353,30.252189,,蜜雪冰城,,中山中路362号
杭州湖滨in77,沪上阿姨·精选茶饮(杭州中山中路店),120.170362,30.251858,,沪上阿姨,,中山中路350号
杭州湖滨in77,悦小颜鲜竹奶茶店,120.15931,30.248109,,个体/杂牌,,南山路与开元路交叉口西160米
杭州湖滨in77,手打柠檬茶,120.157925,30.257175,,个体/杂牌,,杭州西湖风景名胜区-湖滨公园(西北角)
杭州湖滨in77,angtea艾熟茶(杭州嘉里中心店),120.162458,30.25981,,个体/杂牌,,延安路385号杭州嘉里中心B1层
杭州湖滨in77,柠檬向右(杭州湖滨88店)(暂停营业),120.162372,30.254676,,个体/杂牌,,平海路124号湖滨88购物中心负一层B1-13-15号B1层柒喜街美食市集柠檬向右门店
海宁银泰商圈,CoCo都可(海宁银泰店),120.693947,30.50045,,CoCo,,海洲街道海昌南路365号海宁银泰城四楼4F-LS-05号商铺
海宁银泰商圈,李若桃·手作酸奶铺(嘉兴海宁银泰城店),120.693994,30.500465,,个体/杂牌,,海洲街道海昌南路365号海宁银泰城3楼320-A-4商铺
海宁银泰商圈,蜜雪冰城(银泰城负一楼店),120.694125,30.500175,,蜜雪冰城,,海洲街道海昌南路365号B1层、B2层ZL
海宁银泰商圈,茉莉奶白(嘉兴海宁银泰城店),120.693373,30.500435,,茉莉奶白,,海昌南路363号银泰城F1层
海宁银泰商圈,麦记牛奶(海宁银泰店),120.693426,30.500188,,个体/杂牌,,海昌南路365号银泰城三楼新华书店对面
海宁银泰商圈,Tamkoko泰柯茶园(海宁银泰店),120.693437,30.500093,,个体/杂牌,,海昌路365号
海宁银泰商圈,沪上阿姨·精选茶饮(嘉兴海宁海昌路银泰店),120.693275,30.500125,,沪上阿姨,,海洲街道海昌南路362号银泰城四楼
海宁银泰商圈,茶百道(海宁银泰百货店),120.693825,30.499775,,茶百道,,海洲街道海昌南路365号301室3076
海宁银泰商圈,OT另茶(海宁银泰城店),120.693262,30.500102,,个体/杂牌,,海宁银泰城3层321-3
海宁银泰商圈,煲珠公·老红糖珍珠奶茶(海宁银泰百货店),120.693211,30.499867,,煲珠公,,海宁银泰百货商场3楼321-1号海底捞斜对面
海宁银泰商圈,茶理宜世(海宁银泰店),120.693575,30.499325,,个体/杂牌,,银泰城4F850室(电影院隔壁)
海宁银泰商圈,CHAGEE霸王茶姬(海宁银泰店),120.692876,30.499485,,霸王茶姬,,海洲街道海昌南路365号银泰城1层101室139-A号商铺
海宁银泰商圈,喜茶(海宁银泰城店),120.692812,30.499479,,喜茶,,海昌南路360号
海宁银泰商圈,蜜雪冰城(银泰店),120.694149,30.498543,,蜜雪冰城,,新苑路189号海宁金泰城F1层
海宁银泰商圈,渝品燕鲜炖热饮,120.696101,30.503608,,个体/杂牌,,钱江东路64号尚公馆
海宁银泰商圈,茶百道(华润店),120.69252,30.51008,,茶百道,,海洲街道海昌南路229号
海宁银泰商圈,LELECHA乐乐茶(嘉兴海宁映运汇店),120.692127,30.511757,,乐乐茶,,海洲街道海州东路4号一层
海宁银泰商圈,光合作用茶空间,120.679775,30.505975,,个体/杂牌,,海洲街道学林街62号海宁图书馆中庭内(自主申报)
